X_id,YEAR.BUILT,YEAR.EVALUATED,AGE,CURRENT.BUILDING.EVAL.SCORE
1,1961,2023,62,86
2,1979,2023,44,94
3,1969,2023,54,78
4,1950,2023,73,89
5,1969,2023,54,99
6,1970,2023,53,99
7,1955,2023,68,98
8,1956,2023,67,86
9,1965,2023,58,92
10,1963,2023,60,89
11,1954,2023,69,87
12,1970,2023,53,81
13,1885,2023,138,93
14,1969,2023,54,94
15,1968,2023,55,92
16,1967,2023,56,93
17,1965,2023,58,84
18,1964,2023,59,78
19,1964,2023,59,83
20,1965,2023,58,82
21,1966,2023,57,84
22,1966,2023,57,87
23,1964,2023,59,85
24,1935,2023,88,84
25,1960,2023,63,81
26,1982,2023,41,88
27,1974,2023,49,95
28,1959,2023,64,94
29,1977,2023,46,85
30,1970,2023,53,82
31,1960,2023,63,83
32,1967,2023,56,96
33,1960,2023,63,90
34,1959,2023,64,95
35,1974,2023,49,95
36,1974,2023,49,87
37,2010,2023,13,94
38,1927,2023,96,83
39,1960,2023,63,92
40,1988,2023,35,90
41,1962,2023,61,92
42,1962,2023,61,83
43,1962,2023,61,99
44,1965,2023,58,92
45,1966,2023,57,88
46,1969,2023,54,85
47,1950,2023,73,99
48,1956,2023,67,94
49,1959,2023,64,75
50,1959,2023,64,83
51,1968,2023,55,82
52,1992,2023,31,94
53,1961,2023,62,79
54,1972,2023,51,81
55,1972,2023,51,79
56,1961,2023,62,87
57,1981,2023,42,88
58,1977,2023,46,96
59,2012,2023,11,100
60,1952,2023,71,76
61,1965,2023,58,72
62,2005,2023,18,97
63,1910,2023,113,98
64,1910,2023,113,96
65,1994,2023,29,57
66,1929,2023,94,100
67,1960,2023,63,82
68,1955,2023,68,86
69,1937,2023,86,85
70,1967,2023,56,97
71,1960,2023,63,85
72,1951,2023,72,83
73,1950,2023,73,67
74,1951,2023,72,83
75,1950,2023,73,66
76,1958,2023,65,90
77,1981,2023,42,98
78,1989,2023,34,93
79,1970,2023,53,57
80,1992,2023,31,96
81,1972,2023,51,92
82,1970,2023,53,91
83,1993,2023,30,84
84,1989,2023,34,82
85,1989,2023,34,85
86,1957,2023,66,92
87,1935,2023,88,86
88,2022,2023,1,99
89,1950,2023,73,79
90,2016,2023,7,98
91,1977,2023,46,85
92,1963,2023,60,94
93,1962,2023,61,97
94,1965,2023,58,92
95,1970,2023,53,98
96,1986,2023,37,82
97,1961,2023,62,98
98,1955,2023,68,94
99,1956,2023,67,89
100,1958,2023,65,93
101,1962,2023,61,93
102,1965,2023,58,96
103,1959,2023,64,89
104,1968,2023,55,92
105,1959,2023,64,98
106,2004,2023,19,87
107,1955,2023,68,97
108,1927,2023,96,85
109,1959,2023,64,97
110,1965,2023,58,80
111,1983,2023,40,99
112,1995,2023,28,86
113,1989,2023,34,97
114,2002,2023,21,97
115,1990,2023,33,99
116,1956,2023,67,89
117,1955,2023,68,90
118,1956,2023,67,90
119,1955,2023,68,94
120,1971,2023,52,88
121,1971,2023,52,87
122,1952,2023,71,96
123,1958,2023,65,85
124,1953,2023,70,80
125,1996,2023,27,93
126,1967,2023,56,96
127,1966,2023,57,87
128,1985,2023,38,62
129,1960,2023,63,82
130,2002,2023,21,93
131,1991,2023,32,97
132,1988,2023,35,82
133,1959,2023,64,92
134,1958,2023,65,90
135,1978,2023,45,99
136,1967,2023,56,87
137,1962,2023,61,97
138,1965,2023,58,98
139,1963,2023,60,98
140,1969,2023,54,70
141,1992,2023,31,80
142,1973,2023,50,98
143,1970,2023,53,92
144,2017,2023,6,100
145,1970,2023,53,87
146,1958,2023,65,94
147,1960,2023,63,64
148,1959,2023,64,94
149,1959,2023,64,66
150,2013,2023,10,90
151,2007,2023,16,77
152,1930,2023,93,87
153,1983,2023,40,91
154,1960,2023,63,75
155,1970,2023,53,83
156,1964,2023,59,92
157,1967,2023,56,91
158,1968,2023,55,92
159,1964,2023,59,94
160,1966,2023,57,91
161,1959,2023,64,99
162,1959,2023,64,97
163,1958,2023,65,95
164,1950,2023,73,83
165,1968,2023,55,90
166,1995,2023,28,96
167,1980,2023,43,98
168,2009,2023,14,87
169,2005,2023,18,94
170,1967,2023,56,69
171,1993,2023,30,91
172,1950,2023,73,94
173,1963,2023,60,97
174,1963,2023,60,99
175,1968,2023,55,72
176,1966,2023,57,96
178,1960,2023,63,94
179,1953,2023,70,81
180,1943,2023,80,87
181,1950,2023,73,89
182,1979,2023,44,90
183,1971,2023,52,99
184,1972,2023,51,96
185,1974,2023,49,97
186,1972,2023,51,84
187,1953,2023,70,94
188,1984,2023,39,90
189,1968,2023,55,90
190,1974,2023,49,93
191,1974,2023,49,98
192,1974,2023,49,90
193,1974,2023,49,92
194,1959,2023,64,89
195,1925,2023,98,91
196,1931,2023,92,96
197,1952,2023,71,86
198,1955,2023,68,78
199,1952,2023,71,91
200,1948,2023,75,94
201,1952,2023,71,85
202,1950,2023,73,85
203,1960,2023,63,87
204,1960,2023,63,96
205,1961,2023,62,90
206,1950,2023,73,97
207,1969,2023,54,96
208,1927,2023,96,77
209,1966,2023,57,100
210,2017,2023,6,100
211,1965,2023,58,97
212,1968,2023,55,92
213,1968,2023,55,99
214,1930,2023,93,93
215,1965,2023,58,92
216,1968,2023,55,75
217,1960,2023,63,75
218,1950,2023,73,90
219,1962,2023,61,71
220,1919,2023,104,72
221,1956,2023,67,81
222,1960,2023,63,78
224,1918,2023,105,90
225,1993,2023,30,92
226,1916,2023,107,79
227,1933,2023,90,83
228,1959,2023,64,93
229,1932,2023,91,92
230,1932,2023,91,84
231,1943,2023,80,83
232,1940,2023,83,80
233,1926,2023,97,90
234,1926,2023,97,89
235,1950,2023,73,73
236,1948,2023,75,88
237,1960,2023,63,92
238,1939,2023,84,86
239,1954,2023,69,83
240,1950,2023,73,93
241,1941,2023,82,86
242,1964,2023,59,89
243,1953,2023,70,83
244,1983,2023,40,98
245,1960,2023,63,96
246,1955,2023,68,94
247,1955,2023,68,92
248,1965,2023,58,94
249,1958,2023,65,97
250,1960,2023,63,87
251,1958,2023,65,97
252,1964,2023,59,79
253,2005,2023,18,98
254,1960,2023,63,92
255,1960,2023,63,89
256,1958,2023,65,95
257,1958,2023,65,94
258,1950,2023,73,90
259,1958,2023,65,76
260,1964,2023,59,72
261,1966,2023,57,90
262,1983,2023,40,89
263,1989,2023,34,91
264,1962,2023,61,96
265,1961,2023,62,90
266,1963,2023,60,93
267,1968,2023,55,79
268,1959,2023,64,96
269,1964,2023,59,95
270,1969,2023,54,90
271,1967,2023,56,95
272,1970,2023,53,92
273,1960,2023,63,90
274,1972,2023,51,88
275,1965,2023,58,96
276,1953,2023,70,96
277,1950,2023,73,85
278,2006,2023,17,99
279,1960,2023,63,74
280,1965,2023,58,93
281,1971,2023,52,97
282,1932,2023,91,90
283,1960,2023,63,95
284,2003,2023,20,99
285,1964,2023,59,77
286,1885,2023,138,92
287,1971,2023,52,76
288,1960,2023,63,88
289,1960,2023,63,90
290,1960,2023,63,91
291,1960,2023,63,90
292,2013,2023,10,99
293,1954,2023,69,84
294,1952,2023,71,93
295,1952,2023,71,82
296,1956,2023,67,95
297,1954,2023,69,94
298,1965,2023,58,94
299,1954,2023,69,86
300,1959,2023,64,94
301,1952,2023,71,92
302,1952,2023,71,94
303,1952,2023,71,89
304,1952,2023,71,93
305,1959,2023,64,95
306,1955,2023,68,95
307,1955,2023,68,92
308,1955,2023,68,96
309,1955,2023,68,94
310,1955,2023,68,65
311,1955,2023,68,82
312,1955,2023,68,92
313,1960,2023,63,92
314,1960,2023,63,89
315,1969,2023,54,95
316,1974,2023,49,91
317,1960,2023,63,91
318,1963,2023,60,96
319,1961,2023,62,84
320,1992,2023,31,92
321,1972,2023,51,88
322,1960,2023,63,90
323,1956,2023,67,92
324,1950,2023,73,71
325,1971,2023,52,89
326,1965,2023,58,93
327,1962,2023,61,88
328,1980,2023,43,91
329,1969,2023,54,85
330,1969,2023,54,94
331,1948,2023,75,98
332,1980,2023,43,92
333,1970,2023,53,82
334,1989,2023,34,83
335,1926,2023,97,75
336,1923,2023,100,72
337,1930,2023,93,84
338,1992,2023,31,87
339,1982,2023,41,92
340,1992,2023,31,100
341,1924,2023,99,67
342,1914,2023,109,78
343,1929,2023,94,79
344,1920,2023,103,93
345,1952,2023,71,87
346,1940,2023,83,80
347,1960,2023,63,94
348,1949,2023,74,87
349,1957,2023,66,87
350,1955,2023,68,94
351,1967,2023,56,67
352,1987,2023,36,76
353,1971,2023,52,94
354,1971,2023,52,91
356,1958,2023,65,71
357,1979,2023,44,95
358,1956,2023,67,85
359,1974,2023,49,91
360,1960,2023,63,75
361,1963,2023,60,86
362,1968,2023,55,94
363,1971,2023,52,86
364,1970,2023,53,62
365,1968,2023,55,98
366,1965,2023,58,100
367,1965,2023,58,93
368,1959,2023,64,93
369,1957,2023,66,96
370,1965,2023,58,91
371,1960,2023,63,87
372,1960,2023,63,87
373,1963,2023,60,94
374,1957,2023,66,88
375,1961,2023,62,95
376,1983,2023,40,89
377,1959,2023,64,99
378,1965,2023,58,84
379,1959,2023,64,99
380,1965,2023,58,97
381,1965,2023,58,91
382,1968,2023,55,96
383,1969,2023,54,98
384,1957,2023,66,74
385,1975,2023,48,96
386,1928,2023,95,88
387,1920,2023,103,88
388,1947,2023,76,79
389,1956,2023,67,98
390,1950,2023,73,87
391,1975,2023,48,97
392,1957,2023,66,67
393,1960,2023,63,87
394,1965,2023,58,81
395,1960,2023,63,76
396,1955,2023,68,84
397,1960,2023,63,90
398,1956,2023,67,69
399,1956,2023,67,70
400,1956,2023,67,80
401,1963,2023,60,87
402,1979,2023,44,95
403,1929,2023,94,68
404,1926,2023,97,89
405,1963,2023,60,94
406,1960,2023,63,91
407,1960,2023,63,93
408,1968,2023,55,90
409,1928,2023,95,96
410,1928,2023,95,99
411,1966,2023,57,91
412,1970,2023,53,81
413,1923,2023,100,98
414,1968,2023,55,96
415,1969,2023,54,87
416,1960,2023,63,95
417,1965,2023,58,81
418,1952,2023,71,71
419,1950,2023,73,75
420,1956,2023,67,81
421,1956,2023,67,85
422,1958,2023,65,78
423,1954,2023,69,85
424,1995,2023,28,90
425,1960,2023,63,85
426,1951,2023,72,76
427,1967,2023,56,82
428,1967,2023,56,73
429,1973,2023,50,89
430,1970,2023,53,88
431,1959,2023,64,93
432,1960,2023,63,92
433,1984,2023,39,75
434,1961,2023,62,89
435,1960,2023,63,83
436,1972,2023,51,75
437,1977,2023,46,92
438,1968,2023,55,81
439,1974,2023,49,97
440,1920,2023,103,75
441,1958,2023,65,97
442,1958,2023,65,78
443,1965,2023,58,85
444,1956,2023,67,95
445,1950,2023,73,91
446,1955,2023,68,89
447,1960,2023,63,90
448,1952,2023,71,88
449,1952,2023,71,87
450,1950,2023,73,85
451,1960,2023,63,75
452,1958,2023,65,74
453,1953,2023,70,79
454,1960,2023,63,75
455,1960,2023,63,92
456,1970,2023,53,91
457,1970,2023,53,92
458,1968,2023,55,81
459,1960,2023,63,84
460,1960,2023,63,87
461,1960,2023,63,87
462,1960,2023,63,91
463,1960,2023,63,91
464,1958,2023,65,92
465,1958,2023,65,80
466,1971,2023,52,94
467,1955,2023,68,93
468,1958,2023,65,74
469,1958,2023,65,84
470,1958,2023,65,80
471,1960,2023,63,91
472,1950,2023,73,80
473,1950,2023,73,84
474,1954,2023,69,77
475,1954,2023,69,79
476,1922,2023,101,64
477,1962,2023,61,92
478,1950,2023,73,88
479,1965,2023,58,91
480,1950,2023,73,92
481,1956,2023,67,91
482,1965,2023,58,90
483,1965,2023,58,93
484,1965,2023,58,94
485,1960,2023,63,86
486,1950,2023,73,85
487,1971,2023,52,89
488,1955,2023,68,92
489,1960,2023,63,94
490,1958,2023,65,80
491,1949,2023,74,87
492,1979,2023,44,95
493,1960,2023,63,87
494,1966,2023,57,80
495,1956,2023,67,91
496,1977,2023,46,88
497,1987,2023,36,81
498,1970,2023,53,68
499,1915,2023,108,90
500,1986,2023,37,89
501,1954,2023,69,93
502,1955,2023,68,95
503,1954,2023,69,70
504,1953,2023,70,70
505,1968,2023,55,90
506,1968,2023,55,81
507,1960,2023,63,83
508,1930,2023,93,86
509,1960,2023,63,91
510,1960,2023,63,90
511,1976,2023,47,95
512,1969,2023,54,96
513,1980,2023,43,55
514,1996,2023,27,89
515,1930,2023,93,70
516,1987,2023,36,83
517,1940,2023,83,67
518,1960,2023,63,74
519,1954,2023,69,91
520,1930,2023,93,89
521,1960,2023,63,88
522,1929,2023,94,98
523,1955,2023,68,85
524,1957,2023,66,84
525,1957,2023,66,98
526,1990,2023,33,88
527,1986,2023,37,89
528,1970,2023,53,97
529,1963,2023,60,97
530,1968,2023,55,92
531,1966,2023,57,86
532,1965,2023,58,85
533,1970,2023,53,97
534,1967,2023,56,90
535,1967,2023,56,85
536,1963,2023,60,91
537,1964,2023,59,95
538,2023,2023,0,96
539,1965,2023,58,88
540,2018,2023,5,94
541,1929,2023,94,92
542,1950,2023,73,83
543,1977,2023,46,91
544,1920,2023,103,92
545,1929,2023,94,89
546,1955,2023,68,76
547,1920,2023,103,92
548,1955,2023,68,82
549,2009,2023,14,82
550,1930,2023,93,81
551,1958,2023,65,80
552,1955,2023,68,95
553,1926,2023,97,78
554,1957,2023,66,88
555,1966,2023,57,75
556,2017,2023,6,99
557,2016,2023,7,99
558,1900,2023,123,66
559,1959,2023,64,92
560,1962,2023,61,99
561,1964,2023,59,93
562,1954,2023,69,77
563,1954,2023,69,81
564,1960,2023,63,89
565,1954,2023,69,83
566,1964,2023,59,90
567,1987,2023,36,87
568,1954,2023,69,91
569,1966,2023,57,83
570,1958,2023,65,96
571,1966,2023,57,98
572,1963,2023,60,100
573,1961,2023,62,84
574,1959,2023,64,94
575,1964,2023,59,69
576,1964,2023,59,98
577,1971,2023,52,77
578,1971,2023,52,77
579,1960,2023,63,87
580,1960,2023,63,86
581,1967,2023,56,87
582,1965,2023,58,91
583,1965,2023,58,100
584,1970,2023,53,83
585,1960,2023,63,74
586,1966,2023,57,82
587,1961,2023,62,74
588,1958,2023,65,84
589,1964,2023,59,87
590,1963,2023,60,87
591,1968,2023,55,95
592,1968,2023,55,94
593,1971,2023,52,94
594,1971,2023,52,94
595,1957,2023,66,80
596,1956,2023,67,80
597,1956,2023,67,89
598,1952,2023,71,90
599,1952,2023,71,90
600,1968,2023,55,91
601,1970,2023,53,88
602,1968,2023,55,89
603,1953,2023,70,98
604,1964,2023,59,88
605,1937,2023,86,78
606,1926,2023,97,92
607,1938,2023,85,79
608,1970,2023,53,92
609,1959,2023,64,86
610,1920,2023,103,89
611,1969,2023,54,100
612,1930,2023,93,69
613,1920,2023,103,91
614,1986,2023,37,94
615,1929,2023,94,71
616,1929,2023,94,85
617,1930,2023,93,88
618,1930,2023,93,89
619,1951,2023,72,67
620,1968,2023,55,91
621,1967,2023,56,64
622,1967,2023,56,85
623,1964,2023,59,85
624,1964,2023,59,95
625,1968,2023,55,80
626,1960,2023,63,94
627,1967,2023,56,80
628,1968,2023,55,63
629,1969,2023,54,87
630,1958,2023,65,86
631,1971,2023,52,76
632,1967,2023,56,88
633,1927,2023,96,93
634,1994,2023,29,84
635,1920,2023,103,86
636,2017,2023,6,100
637,1953,2023,70,83
638,1953,2023,70,96
639,1959,2023,64,88
640,1970,2023,53,96
641,1972,2023,51,92
642,1966,2023,57,84
643,1955,2023,68,96
644,1960,2023,63,86
645,1954,2023,69,94
646,1954,2023,69,99
647,1960,2023,63,95
648,1960,2023,63,94
649,1963,2023,60,84
650,1967,2023,56,92
651,1974,2023,49,91
652,2006,2023,17,81
653,1948,2023,75,81
654,1952,2023,71,87
655,2012,2023,11,100
656,1950,2023,73,79
657,1965,2023,58,88
658,1950,2023,73,91
659,1960,2023,63,83
660,1970,2023,53,96
661,1968,2023,55,91
662,1970,2023,53,89
663,1931,2023,92,99
664,1950,2023,73,90
665,1989,2023,34,91
666,1960,2023,63,96
667,1960,2023,63,93
668,1963,2023,60,92
669,1962,2023,61,84
670,1966,2023,57,91
671,1983,2023,40,91
672,1997,2023,26,87
673,1993,2023,30,89
674,2006,2023,17,92
675,1961,2023,62,91
676,1966,2023,57,95
677,1977,2023,46,78
678,1962,2023,61,88
679,1952,2023,71,89
680,1955,2023,68,89
681,1970,2023,53,82
682,1963,2023,60,90
683,1993,2023,30,98
684,1970,2023,53,84
685,1968,2023,55,87
686,1970,2023,53,95
687,1950,2023,73,77
688,1962,2023,61,95
689,1960,2023,63,88
690,1970,2023,53,88
691,1962,2023,61,91
692,1970,2023,53,96
693,1962,2023,61,85
694,1962,2023,61,78
695,1970,2023,53,89
696,1970,2023,53,88
697,2016,2023,7,98
698,1985,2023,38,89
699,1959,2023,64,90
700,1975,2023,48,75
701,1960,2023,63,97
702,1964,2023,59,74
703,1962,2023,61,82
704,1965,2023,58,74
705,1964,2023,59,88
706,1968,2023,55,94
707,1960,2023,63,88
708,1960,2023,63,93
709,1967,2023,56,72
710,1966,2023,57,88
711,1966,2023,57,86
712,1971,2023,52,83
713,1960,2023,63,86
714,1938,2023,85,83
715,1956,2023,67,89
716,1938,2023,85,81
717,1972,2023,51,77
718,1950,2023,73,83
719,1960,2023,63,87
720,1962,2023,61,87
721,1954,2023,69,90
722,1950,2023,73,100
723,1978,2023,45,98
724,1973,2023,50,81.1
725,1956,2023,67,98
726,1992,2023,31,95
727,1960,2023,63,77
728,1956,2023,67,89
729,1950,2023,73,70
730,1950,2023,73,85
731,1974,2023,49,96
732,1964,2023,59,90
733,1963,2023,60,80
734,1960,2023,63,97
735,1898,2023,125,68
736,1960,2023,63,66
737,1970,2023,53,81
738,1975,2023,48,91
739,1960,2023,63,94
740,1965,2023,58,96
741,1963,2023,60,89
742,1928,2023,95,75
743,1917,2023,106,79
744,1960,2023,63,87
745,1960,2023,63,95
746,1951,2023,72,96
747,1957,2023,66,79
748,1971,2023,52,91
749,1973,2023,50,84
750,1964,2023,59,64
751,1950,2023,73,89
752,1960,2023,63,89
753,1992,2023,31,98
754,1984,2023,39,88
755,1967,2023,56,95
756,1960,2023,63,93
757,1959,2023,64,90
758,1959,2023,64,87
759,1967,2023,56,95
760,1956,2023,67,87
761,1977,2023,46,91
762,1960,2023,63,89
763,1950,2023,73,68
764,1950,2023,73,86
765,1960,2023,63,82
766,1950,2023,73,84
767,1977,2023,46,85
768,1955,2023,68,79
769,1955,2023,68,83
770,1958,2023,65,74
771,1950,2023,73,90
772,1956,2023,67,78
773,1984,2023,39,68
774,1954,2023,69,91
775,1965,2023,58,96
776,1955,2023,68,88
777,1962,2023,61,94
778,1950,2023,73,93
779,1955,2023,68,80
780,1972,2023,51,74
781,1957,2023,66,72
782,1963,2023,60,86
783,1960,2023,63,82
784,1968,2023,55,71
785,1954,2023,69,88
786,1960,2023,63,91
787,1965,2023,58,75
788,1952,2023,71,76
789,1954,2023,69,77
790,1965,2023,58,89
791,1994,2023,29,86
792,1970,2023,53,81
793,1962,2023,61,77
794,1972,2023,51,77
795,1958,2023,65,86
796,2016,2023,7,99
797,1927,2023,96,81
798,1961,2023,62,86
799,1967,2023,56,81
800,1971,2023,52,93
801,1969,2023,54,89
802,1958,2023,65,92
803,1958,2023,65,86
804,1957,2023,66,94
805,1960,2023,63,92
806,1969,2023,54,86
807,1961,2023,62,85
808,1961,2023,62,75
809,1954,2023,69,90
810,1960,2023,63,89
811,1961,2023,62,77
812,1956,2023,67,80
813,1950,2023,73,90
814,1994,2023,29,93
815,1974,2023,49,95
816,2014,2023,9,97
817,1987,2023,36,81
818,1917,2023,106,87
819,1960,2023,63,77
820,1900,2023,123,70
821,1954,2023,69,98
822,1963,2023,60,86
823,1970,2023,53,72
824,1970,2023,53,74
825,1934,2023,89,30
826,1954,2023,69,28
827,1950,2023,73,87
828,1992,2023,31,69
829,1940,2023,83,82
830,1962,2023,61,80
831,1925,2023,98,81
832,1971,2023,52,90
833,1959,2023,64,88
834,1940,2023,83,75
835,1940,2023,83,78
836,1950,2023,73,81
837,1950,2023,73,88
838,1960,2023,63,93
839,1967,2023,56,92
840,1968,2023,55,96
841,1968,2023,55,93
842,1992,2023,31,97
843,1967,2023,56,92
844,1985,2023,38,86
845,1985,2023,38,93
846,1956,2023,67,88
847,1962,2023,61,89
848,1959,2023,64,84
849,1954,2023,69,98
850,1967,2023,56,87
851,1965,2023,58,81
852,1968,2023,55,80
853,1978,2023,45,89
854,1976,2023,47,94
855,1982,2023,41,94
856,1979,2023,44,97
857,1921,2023,102,81
858,1963,2023,60,88
859,1963,2023,60,79
860,1959,2023,64,93
861,1957,2023,66,99
862,1959,2023,64,99
863,1954,2023,69,78
864,1960,2023,63,92
865,1960,2023,63,76
866,1970,2023,53,82
867,1961,2023,62,96
868,1958,2023,65,91
869,1950,2023,73,92
870,1950,2023,73,90
871,1955,2023,68,69
872,1970,2023,53,86
873,1952,2023,71,92
874,1955,2023,68,84
875,1952,2023,71,92
876,1952,2023,71,92
877,1952,2023,71,89
878,1952,2023,71,87
879,1960,2023,63,90
880,1955,2023,68,97
881,1980,2023,43,89
882,1960,2023,63,79
883,1958,2023,65,84
884,1983,2023,40,94
885,1958,2023,65,89
886,1958,2023,65,93
887,1985,2023,38,75
888,1992,2023,31,94
889,2003,2023,20,98
890,1957,2023,66,92
891,1965,2023,58,83
892,1960,2023,63,73
893,1960,2023,63,87
894,1962,2023,61,89
895,1961,2023,62,78
896,1960,2023,63,89
897,1964,2023,59,43
898,1961,2023,62,89
899,1962,2023,61,93
900,1993,2023,30,91
901,1968,2023,55,77
902,1968,2023,55,93
903,1957,2023,66,88
904,1957,2023,66,86
905,1964,2023,59,79
906,1960,2023,63,96
907,1972,2023,51,91
908,1970,2023,53,90
909,1969,2023,54,75
910,1975,2023,48,81
911,1970,2023,53,79
912,1970,2023,53,74
913,1970,2023,53,83
914,1967,2023,56,92
915,1972,2023,51,78
916,1972,2023,51,80
917,1974,2023,49,85
918,1974,2023,49,83
919,1940,2023,83,73
920,1954,2023,69,71
921,2003,2023,20,98
922,1959,2023,64,77
923,1965,2023,58,73
924,1967,2023,56,78
925,1967,2023,56,80
926,1969,2023,54,93
927,1963,2023,60,83
928,1962,2023,61,82
929,1970,2023,53,89
930,1962,2023,61,86
931,1955,2023,68,91
932,1955,2023,68,91
933,1994,2023,29,87
934,1960,2023,63,89
935,1979,2023,44,96
936,1960,2023,63,90
937,1927,2023,96,82
938,1915,2023,108,89
939,1929,2023,94,87
940,1930,2023,93,85
941,1965,2023,58,90
942,1934,2023,89,91
943,1962,2023,61,93
944,1955,2023,68,97
945,1953,2023,70,86
946,1962,2023,61,88
947,1957,2023,66,82
948,1957,2023,66,71
949,1965,2023,58,96
950,1960,2023,63,86
952,1987,2023,36,94
953,2010,2023,13,95
954,1960,2023,63,87
955,1960,2023,63,74
956,1955,2023,68,88
957,1955,2023,68,90
958,1960,2023,63,92
959,1956,2023,67,88
960,1965,2023,58,93
961,1960,2023,63,97
962,1965,2023,58,72
963,1962,2023,61,91
964,1955,2023,68,85
965,1910,2023,113,89
966,1960,2023,63,89
967,1958,2023,65,97
968,1960,2023,63,98
969,1968,2023,55,89
970,1967,2023,56,93
971,1958,2023,65,96
972,1960,2023,63,88
973,1960,2023,63,79
974,1950,2023,73,80
975,1965,2023,58,98
976,1965,2023,58,98
977,1965,2023,58,98
978,1968,2023,55,94
979,1960,2023,63,90
980,1968,2023,55,89
981,1968,2023,55,86
982,1971,2023,52,79
983,1971,2023,52,81
984,1974,2023,49,92
985,1975,2023,48,74
986,1967,2023,56,85
987,1963,2023,60,82
988,1994,2023,29,86
989,1929,2023,94,86
990,1960,2023,63,80
991,1928,2023,95,89
992,1960,2023,63,89
993,1928,2023,95,99
994,1900,2023,123,76
995,1954,2023,69,91
996,1954,2023,69,17
997,1966,2023,57,83
998,1940,2023,83,94
999,1979,2023,44,91
1000,1996,2023,27,87
1001,1955,2023,68,90
1002,1957,2023,66,92
1003,1960,2023,63,95
1004,1959,2023,64,82
1005,1957,2023,66,78
1006,1950,2023,73,79
1007,1954,2023,69,92
1008,1958,2023,65,89
1009,1950,2023,73,82
1010,1958,2023,65,91
1011,1962,2023,61,91
1012,1982,2023,41,96
1013,1993,2023,30,92
1014,1994,2023,29,95
1015,1958,2023,65,91
1016,1964,2023,59,92
1017,1961,2023,62,100
1018,1961,2023,62,100
1019,1965,2023,58,86
1020,1950,2023,73,99
1021,1970,2023,53,90
1022,1966,2023,57,65
1023,1975,2023,48,93
1024,1975,2023,48,92
1025,1975,2023,48,94
1026,1975,2023,48,93
1027,1975,2023,48,96
1028,1975,2023,48,88
1029,1975,2023,48,88
1030,1986,2023,37,77
1031,2007,2023,16,96
1032,1930,2023,93,72
1033,1991,2023,32,84
1034,1891,2023,132,92
1035,1950,2023,73,85
1036,1994,2023,29,96
1037,1965,2023,58,56
1039,1958,2023,65,85
1040,1967,2023,56,37
1041,1954,2023,69,91
1042,2018,2023,5,97
1043,2020,2023,3,98
1044,1930,2023,93,93
1045,1960,2023,63,80
1046,1954,2023,69,89
1047,1970,2023,53,93
1048,1980,2023,43,94
1050,1980,2023,43,95
1051,1911,2023,112,87
1052,1934,2023,89,89
1053,1954,2023,69,82
1054,1971,2023,52,86
1055,1971,2023,52,81
1056,1971,2023,52,83
1057,1962,2023,61,82
1058,1962,2023,61,80
1059,1950,2023,73,96
1060,1973,2023,50,88
1061,1955,2023,68,77
1062,2021,2023,2,100
1063,1940,2023,83,90
1064,1965,2023,58,89
1065,1964,2023,59,96
1066,1960,2023,63,91
1067,1961,2023,62,95
1068,1961,2023,62,86
1069,1972,2023,51,82
1070,1972,2023,51,95
1071,1974,2023,49,86
1072,1974,2023,49,96
1073,1970,2023,53,99
1074,1966,2023,57,88
1075,1994,2023,29,96
1076,1993,2023,30,88
1077,1970,2023,53,75
1078,1968,2023,55,81
1079,1970,2023,53,97
1080,1970,2023,53,89
1081,1962,2023,61,93
1082,1962,2023,61,92
1083,1970,2023,53,87
1084,1970,2023,53,75
1085,1950,2023,73,98
1086,1954,2023,69,75
1087,1970,2023,53,80
1088,1970,2023,53,95
1089,1962,2023,61,89
1090,1977,2023,46,96
1091,1993,2023,30,89
1092,1950,2023,73,83
1093,1970,2023,53,88
1094,1953,2023,70,69
1095,1956,2023,67,72
1096,1968,2023,55,97
1097,1900,2023,123,97
1098,1966,2023,57,99
1099,1960,2023,63,87
1100,1960,2023,63,86
1101,1961,2023,62,97
1102,1961,2023,62,81
1103,1980,2023,43,96
1104,1970,2023,53,87
1105,1970,2023,53,87
1106,1989,2023,34,94
1107,1968,2023,55,92
1108,1956,2023,67,86
1109,1956,2023,67,82
1110,1958,2023,65,93
1111,1960,2023,63,79
1112,1958,2023,65,99
1113,1905,2023,118,91
1114,1974,2023,49,80
1115,1967,2023,56,89
1116,1959,2023,64,95
1117,1950,2023,73,93
1118,1950,2023,73,94
1119,1979,2023,44,87
1120,1980,2023,43,79
1121,1969,2023,54,92
1122,1969,2023,54,88
1123,1969,2023,54,92
1124,1969,2023,54,82
1125,1954,2023,69,84
1126,1955,2023,68,96
1127,1962,2023,61,91
1128,1957,2023,66,76
1129,1954,2023,69,95
1130,1965,2023,58,89
1131,2022,2023,1,100
1132,1968,2023,55,97
1133,1963,2023,60,95
1134,1967,2023,56,87
1135,1993,2023,30,91
1136,1959,2023,64,79
1137,1956,2023,67,78
1138,1957,2023,66,75
1139,1956,2023,67,75
1140,1969,2023,54,87
1141,1964,2023,59,94
1142,1920,2023,103,78
1143,1928,2023,95,82
1144,1989,2023,34,91
1145,1984,2023,39,90
1146,1986,2023,37,90
1147,1960,2023,63,96
1148,1973,2023,50,98
1149,2005,2023,18,93
1150,2021,2023,2,99
1151,2021,2023,2,98
1152,1918,2023,105,74
1153,1955,2023,68,78
1154,1930,2023,93,89
1155,1955,2023,68,93
1156,1955,2023,68,96
1157,1955,2023,68,94
1158,1992,2023,31,46
1159,1960,2023,63,88
1160,1961,2023,62,86
1161,1982,2023,41,92
1162,1979,2023,44,90
1163,1965,2023,58,92
1165,1904,2023,119,85
1166,1907,2023,116,65
1167,1911,2023,112,95
1168,1950,2023,73,92
1169,1974,2023,49,93
1170,1976,2023,47,95
1171,1988,2023,35,99
1172,1990,2023,33,54
1173,1974,2023,49,96
1174,1947,2023,76,77
1175,1957,2023,66,80
1176,1953,2023,70,94
1177,1920,2023,103,75
1178,1954,2023,69,95
1179,1932,2023,91,86
1180,1954,2023,69,93
1181,1954,2023,69,95
1182,1954,2023,69,95
1183,1910,2023,113,78
1185,1912,2023,111,77
1186,1900,2023,123,77
1187,1994,2023,29,84
1188,1930,2023,93,90
1189,1930,2023,93,87
1190,1960,2023,63,85
1191,1928,2023,95,69
1192,1967,2023,56,86
1193,1965,2023,58,93
1194,1967,2023,56,85
1195,1957,2023,66,81
1196,1957,2023,66,82
1197,1994,2023,29,92
1198,1992,2023,31,94
1199,1950,2023,73,88
1200,1955,2023,68,96
1201,1959,2023,64,85
1202,1959,2023,64,90
1203,1968,2023,55,93
1204,2022,2023,1,97
1205,2008,2023,15,96
1206,1955,2023,68,99
1207,1996,2023,27,89
1208,1957,2023,66,85
1209,1969,2023,54,94
1210,1969,2023,54,97
1211,1970,2023,53,95
1212,1973,2023,50,95
1213,1965,2023,58,91
1214,1967,2023,56,73
1215,1951,2023,72,89
1216,1992,2023,31,87
1217,2006,2023,17,83
1218,1961,2023,62,96
1219,1950,2023,73,89
1220,1953,2023,70,86
1221,1957,2023,66,96
1222,1960,2023,63,86
1223,1958,2023,65,95
1224,1958,2023,65,94
1225,1957,2023,66,87
1226,1957,2023,66,91
1227,1963,2023,60,96
1228,1962,2023,61,96
1229,1962,2023,61,99
1230,1960,2023,63,78
1231,1964,2023,59,96
1232,1973,2023,50,98
1233,1964,2023,59,89
1234,1970,2023,53,88
1235,2015,2023,8,99
1236,1967,2023,56,84
1237,1940,2023,83,89
1238,1914,2023,109,79
1239,1918,2023,105,90
1240,1930,2023,93,89
1241,1960,2023,63,84
1242,1964,2023,59,91
1243,1945,2023,78,66
1244,1956,2023,67,89
1245,1955,2023,68,93
1246,1969,2023,54,91
1247,1954,2023,69,96
1248,1965,2023,58,87
1249,1959,2023,64,90
1250,1988,2023,35,94
1251,1953,2023,70,90
1252,1960,2023,63,92
1253,1965,2023,58,84
1254,1959,2023,64,80
1255,1955,2023,68,95
1256,1974,2023,49,86
1257,1960,2023,63,96
1258,1972,2023,51,97
1259,1969,2023,54,71
1260,2005,2023,18,96
1261,1955,2023,68,90
1262,1955,2023,68,89
1263,1955,2023,68,84
1264,1956,2023,67,82
1265,1949,2023,74,82
1266,1949,2023,74,88
1267,1951,2023,72,83
1268,1955,2023,68,89
1269,1954,2023,69,72
1270,1954,2023,69,84
1271,1966,2023,57,81
1272,1957,2023,66,88
1273,1951,2023,72,98
1274,1960,2023,63,91
1275,1963,2023,60,95
1276,1963,2023,60,95
1277,1964,2023,59,98
1278,1962,2023,61,87
1279,1968,2023,55,95
1280,1986,2023,37,96
1281,1967,2023,56,83
1282,1975,2023,48,87
1283,1955,2023,68,91
1284,1955,2023,68,96
1285,1968,2023,55,92
1286,1957,2023,66,92
1287,1954,2023,69,93
1288,2009,2023,14,91
1289,1956,2023,67,95
1290,1950,2023,73,90
1291,1979,2023,44,90
1292,1979,2023,44,89
1293,1953,2023,70,91
1294,1960,2023,63,96
1295,1960,2023,63,87
1296,1982,2023,41,91
1297,1969,2023,54,98
1298,1971,2023,52,84
1299,1995,2023,28,82
1300,1961,2023,62,81
1301,1955,2023,68,85
1302,1971,2023,52,88
1303,1959,2023,64,96
1304,1959,2023,64,98
1305,2018,2023,5,100
1306,1970,2023,53,83
1307,1970,2023,53,90
1308,2005,2023,18,98
1309,1960,2023,63,87
1310,1962,2023,61,90
1311,1968,2023,55,94
1312,1967,2023,56,90
1313,1960,2023,63,93
1314,1970,2023,53,87
1315,1958,2023,65,94
1316,1969,2023,54,92
1317,2010,2023,13,96
1318,1968,2023,55,86
1319,1969,2023,54,70
1320,1965,2023,58,92
1321,1966,2023,57,88
1322,1961,2023,62,94
1323,1950,2023,73,81
1324,1960,2023,63,93
1325,1967,2023,56,93
1326,1973,2023,50,92
1327,1978,2023,45,83
1328,1988,2023,35,86
1329,1975,2023,48,92
1330,1955,2023,68,97
1331,1838,2023,185,89
1332,1931,2023,92,87
1333,1960,2023,63,100
1334,1934,2023,89,100
1335,1977,2023,46,91
1336,1978,2023,45,82
1337,1950,2023,73,87
1338,1930,2023,93,91
1339,1930,2023,93,88
1340,1930,2023,93,85
1341,1940,2023,83,80
1342,1965,2023,58,91
1343,1969,2023,54,94
1344,1964,2023,59,92
1345,1964,2023,59,79
1346,1978,2023,45,84
1347,1952,2023,71,85
1348,2019,2023,4,92
1349,1984,2023,39,98
1350,1959,2023,64,85
1351,1905,2023,118,77
1352,2007,2023,16,91
1353,1965,2023,58,87
1354,1969,2023,54,84
1355,1931,2023,92,80
1356,1935,2023,88,85
1357,1962,2023,61,83
1358,1960,2023,63,87
1359,1962,2023,61,86
1360,1939,2023,84,90
1361,1962,2023,61,82
1362,1965,2023,58,83
1363,1959,2023,64,86
1364,1967,2023,56,97
1365,1955,2023,68,42
1366,1960,2023,63,73
1367,1955,2023,68,95
1368,1960,2023,63,97
1370,1950,2023,73,79
1371,1955,2023,68,99
1372,1971,2023,52,87
1373,1976,2023,47,98
1374,1959,2023,64,93
1375,1990,2023,33,96
1376,2015,2023,8,97
1377,1967,2023,56,91
1378,2006,2023,17,90
1379,2013,2023,10,99
1380,1962,2023,61,81
1381,1962,2023,61,85
1382,1994,2023,29,92
1383,1888,2023,135,90
1384,1969,2023,54,98
1385,1966,2023,57,84
1386,2012,2023,11,97
1387,1972,2023,51,81
1388,1968,2023,55,79
1389,1951,2023,72,77
1390,1930,2023,93,88
1391,1920,2023,103,89
1392,1885,2023,138,89
1393,1973,2023,50,88
1394,1964,2023,59,83
1395,1930,2023,93,77
1396,1958,2023,65,84
1397,1972,2023,51,98
1398,1972,2023,51,98
1399,1955,2023,68,92
1400,1975,2023,48,96
1401,1959,2023,64,94
1402,1927,2023,96,58
1403,1925,2023,98,54
1404,1969,2023,54,92
1405,1959,2023,64,87
1406,2019,2023,4,94
1407,1900,2023,123,88
1408,1984,2023,39,99
1409,1993,2023,30,94
1410,1990,2023,33,67
1411,1925,2023,98,76
1412,1923,2023,100,87
1413,1965,2023,58,71
1414,1905,2023,118,81
1415,1925,2023,98,89
1416,1930,2023,93,72
1417,1920,2023,103,70
1418,1920,2023,103,89
1419,1920,2023,103,80
1420,1932,2023,91,94
1421,1937,2023,86,93
1422,1957,2023,66,82
1423,1970,2023,53,97
1424,1920,2023,103,65
1425,1920,2023,103,74
1426,1962,2023,61,94
1427,1966,2023,57,85
1428,1979,2023,44,93
1429,1927,2023,96,88
1430,1925,2023,98,88
1431,1927,2023,96,91
1432,1923,2023,100,75
1433,1963,2023,60,87
1434,1957,2023,66,90
1435,1993,2023,30,74
1436,1969,2023,54,73
1437,1965,2023,58,79
1438,1967,2023,56,95
1439,1973,2023,50,98
1440,1974,2023,49,93
1441,1979,2023,44,86
1442,1974,2023,49,85
1443,1948,2023,75,78
1444,1989,2023,34,97
1445,1890,2023,133,77
1446,1907,2023,116,90
1447,2019,2023,4,99
1448,1969,2023,54,85
1449,1971,2023,52,84
1450,1923,2023,100,99
1451,1920,2023,103,97
1452,1909,2023,114,97
1453,1927,2023,96,95
1454,1928,2023,95,96
1455,1965,2023,58,98
1456,1928,2023,95,89
1457,1962,2023,61,86
1458,1968,2023,55,95
1459,1977,2023,46,84
1460,1970,2023,53,93
1461,1967,2023,56,91
1462,1965,2023,58,92
1463,1965,2023,58,94
1464,1960,2023,63,97
1465,1955,2023,68,65
1466,1960,2023,63,85
1467,1967,2023,56,91
1468,1965,2023,58,79
1469,1960,2023,63,92
1470,1971,2023,52,93
1471,1981,2023,42,96
1472,2008,2023,15,98
1473,1965,2023,58,85
1474,1940,2023,83,91
1475,1962,2023,61,96
1476,1978,2023,45,78
1477,1900,2023,123,83
1478,1960,2023,63,91
1479,1991,2023,32,91
1481,1965,2023,58,99
1482,1993,2023,30,95
1483,1960,2023,63,81
1484,1999,2023,24,96
1485,1962,2023,61,87
1486,1959,2023,64,95
1487,1959,2023,64,96
1488,1965,2023,58,91
1489,2005,2023,18,95
1490,1960,2023,63,81
1491,1955,2023,68,94
1492,1960,2023,63,82
1493,1974,2023,49,96
1494,1950,2023,73,81
1495,1960,2023,63,82
1496,1939,2023,84,67
1497,1982,2023,41,96
1498,2019,2023,4,96
1499,1952,2023,71,82
1500,1930,2023,93,84
1501,1972,2023,51,92
1502,1971,2023,52,86
1503,1961,2023,62,94
1504,1961,2023,62,95
1505,1972,2023,51,91
1506,1972,2023,51,92
1507,1983,2023,40,96
1508,1913,2023,110,72
1509,1965,2023,58,85
1510,1960,2023,63,94
1511,1978,2023,45,90
1512,1985,2023,38,90
1513,1980,2023,43,86
1514,1993,2023,30,97
1515,1950,2023,73,92
1516,1950,2023,73,93
1517,1960,2023,63,66
1518,1960,2023,63,83
1519,1959,2023,64,92
1520,1969,2023,54,86
1521,1956,2023,67,84
1523,1957,2023,66,79
1524,1960,2023,63,79
1525,1974,2023,49,74
1526,1964,2023,59,64
1527,1957,2023,66,90
1528,1956,2023,67,95
1529,1947,2023,76,95
1530,1958,2023,65,73
1531,2019,2023,4,98
1532,2021,2023,2,100
1533,1974,2023,49,80
1534,1935,2023,88,83
1535,1964,2023,59,91
1536,1961,2023,62,95
1537,1910,2023,113,82
1538,1968,2023,55,91
1539,1968,2023,55,81
1540,1975,2023,48,94
1541,1950,2023,73,95
1542,1951,2023,72,83
1543,1951,2023,72,96
1544,1954,2023,69,83
1545,1980,2023,43,84
1546,1959,2023,64,86
1547,1951,2023,72,70
1548,1951,2023,72,67
1549,1951,2023,72,79
1550,1951,2023,72,82
1551,1951,2023,72,84
1552,1953,2023,70,89
1553,1953,2023,70,86
1554,2012,2023,11,80
1555,1972,2023,51,87
1556,1945,2023,78,92
1557,1945,2023,78,91
1558,1965,2023,58,89
1559,1965,2023,58,83
1560,1986,2023,37,91
1561,1959,2023,64,90
1562,1958,2023,65,85
1563,1966,2023,57,98
1564,1955,2023,68,85
1565,1912,2023,111,89
1566,1960,2023,63,70
1567,1967,2023,56,93
1568,2008,2023,15,91
1569,1989,2023,34,94
1570,1955,2023,68,98
1571,1965,2023,58,97
1572,1900,2023,123,78
1573,1930,2023,93,84
1574,1917,2023,106,75
1575,1954,2023,69,81
1576,1970,2023,53,92
1577,1941,2023,82,81
1578,1964,2023,59,97
1579,1984,2023,39,87
1580,2021,2023,2,99
1581,2021,2023,2,100
1582,1971,2023,52,93
1583,1950,2023,73,77
1584,1959,2023,64,68
1585,1983,2023,40,89
1586,1995,2023,28,91
1587,1980,2023,43,90
1588,1991,2023,32,87
1589,2012,2023,11,85
1590,1991,2023,32,97
1591,1973,2023,50,97
1592,1958,2023,65,65
1593,1959,2023,64,77
1594,1959,2023,64,82
1595,1962,2023,61,92
1596,1993,2023,30,83
1597,1962,2023,61,92
1598,1964,2023,59,96
1599,1970,2023,53,96
1600,1953,2023,70,49
1601,1957,2023,66,81
1602,1957,2023,66,78
1603,1957,2023,66,80
1604,1957,2023,66,79
1605,1957,2023,66,90
1606,1992,2023,31,83
1607,1952,2023,71,76
1608,1960,2023,63,84
1609,1966,2023,57,93
1610,1976,2023,47,85
1611,1975,2023,48,95
1612,1965,2023,58,91
1613,1956,2023,67,77
1614,1955,2023,68,88
1615,1950,2023,73,95
1616,1960,2023,63,87
1617,1959,2023,64,92
1618,1973,2023,50,88
1619,1972,2023,51,76
1620,1957,2023,66,83
1621,1911,2023,112,76
1622,1959,2023,64,82
1623,2016,2023,7,96
1624,1976,2023,47,94
1625,1992,2023,31,86
1626,1960,2023,63,80
1627,1990,2023,33,91
1628,1950,2023,73,97
1629,1950,2023,73,96
1630,1950,2023,73,96
1631,1968,2023,55,98
1632,1962,2023,61,82
1633,1960,2023,63,83
1634,1963,2023,60,92
1635,1966,2023,57,98
1636,1931,2023,92,85
1637,1900,2023,123,78
1638,1974,2023,49,87
1639,2021,2023,2,97
1640,2006,2023,17,70
1641,1992,2023,31,95
1642,1992,2023,31,91
1643,1992,2023,31,92
1644,1992,2023,31,95
1645,1992,2023,31,89
1646,1992,2023,31,93
1647,1918,2023,105,94
1648,1925,2023,98,76
1649,1993,2023,30,95
1650,1989,2023,34,94
1651,1989,2023,34,95
1652,1965,2023,58,98
1653,1965,2023,58,97
1654,1960,2023,63,78
1655,1960,2023,63,88
1656,1962,2023,61,90
1657,1960,2023,63,87
1658,1960,2023,63,85
1659,1960,2023,63,80
1660,1958,2023,65,89
1661,1959,2023,64,84
1662,1968,2023,55,89
1663,1928,2023,95,87
1664,2011,2023,12,86
1665,1981,2023,42,91
1666,1930,2023,93,81
1667,1969,2023,54,100
1668,1962,2023,61,97
1669,1969,2023,54,89
1670,1965,2023,58,84
1671,1960,2023,63,93
1672,1963,2023,60,91
1673,1964,2023,59,89
1674,1960,2023,63,95
1675,1954,2023,69,78
1676,1961,2023,62,90
1677,1954,2023,69,86
1678,1958,2023,65,84
1679,1945,2023,78,83
1680,1944,2023,79,78
1681,1982,2023,41,94
1682,1971,2023,52,90
1683,1960,2023,63,94
1684,1964,2023,59,95
1685,1960,2023,63,91
1686,1968,2023,55,93
1687,1960,2023,63,89
1688,1960,2023,63,88
1689,1965,2023,58,94
1690,1965,2023,58,91
1691,1950,2023,73,80
1692,1920,2023,103,84
1693,1955,2023,68,93
1694,1957,2023,66,82
1695,1960,2023,63,82
1696,1950,2023,73,89
1697,1930,2023,93,84
1698,1952,2023,71,95
1699,1941,2023,82,79
1700,1980,2023,43,92
1701,1955,2023,68,87
1702,1958,2023,65,74
1703,1960,2023,63,73
1704,1981,2023,42,91
1705,1959,2023,64,89
1706,1975,2023,48,95
1707,1950,2023,73,74
1708,1953,2023,70,95
1709,1960,2023,63,94
1710,1962,2023,61,95
1712,1970,2023,53,86
1713,1966,2023,57,97
1714,1967,2023,56,90
1715,1982,2023,41,94
1716,1957,2023,66,89
1717,1968,2023,55,82
1718,1967,2023,56,96
1719,1985,2023,38,97
1720,1959,2023,64,76
1721,1968,2023,55,77
1722,1971,2023,52,91
1723,1969,2023,54,90
1724,1970,2023,53,91
1725,2020,2023,3,100
1726,1964,2023,59,77
1727,1964,2023,59,98
1728,1970,2023,53,90
1729,1947,2023,76,70
1730,1972,2023,51,95
1731,1969,2023,54,95
1732,1961,2023,62,99
1733,1966,2023,57,98
1734,1966,2023,57,89
1735,1963,2023,60,93
1736,1963,2023,60,94
1737,1974,2023,49,93
1738,1971,2023,52,79
1739,1967,2023,56,91
1740,1970,2023,53,89
1741,1968,2023,55,88
1742,1970,2023,53,96
1743,1996,2023,27,97
1744,1960,2023,63,91
1745,1952,2023,71,89
1746,1973,2023,50,82
1747,1973,2023,50,86
1748,1973,2023,50,81
1749,1973,2023,50,83
1750,1958,2023,65,94
1751,1957,2023,66,85
1752,1955,2023,68,88
1753,1979,2023,44,91
1754,1975,2023,48,82
1755,1969,2023,54,82
1756,1983,2023,40,82
1757,1987,2023,36,87
1758,2008,2023,15,74
1759,1972,2023,51,78
1760,1940,2023,83,88
